window_id,type,n,N_ord,N_ord_factor_type,exponent_band,G_order,kernel_order,kernel_struct,kernel_abelian,kernel_solvable,derived_length,xi_eq_centralizer,E_eq_6_An,mcov_status,N_prime_partner,note,source_cert
P-WALL-2,wall(Dih-B4),24,19,odd-prime-power,UNKNOWN,UNKNOWN,2280,C19 x S5,UNKNOWN,False,UNKNOWN,True,True,UNKNOWN,,P-WALL-2 / mathematician_handwritten,search/certs/wall2_cert_20260731.json
P-WALL-28,wall(Dih-B4),28,23,odd-prime-power,UNKNOWN,UNKNOWN,2760,C23 x S5,UNKNOWN,False,-1,True,True,UNKNOWN,,P-WALL-28 / probe11_handwritten_hexagon,search/certs/wall28_cert_20260731.json
P-WALL-36,wall(Dih-B4),36,31,odd-prime-power,UNKNOWN,UNKNOWN,3720,C31 x S5,UNKNOWN,False,-1,True,True,UNKNOWN,,P-WALL-36 / probe11_handwritten_hexagon,search/certs/wall36_cert_20260731_r2.json
P-WALL-37,wall(Dih-B4),37,31,odd-prime-power,UNKNOWN,UNKNOWN,22320,C31 x S6,UNKNOWN,False,-1,True,True,UNKNOWN,,P-WALL-37 / probe11_handwritten_hexagon,search/certs/wall37_cert_20260731_r2.json
P-WALL-40,wall(Dih-B4),40,37,odd-prime-power,UNKNOWN,UNKNOWN,222,C37 x S3,UNKNOWN,True,2,True,True,UNKNOWN,,P-WALL-40 / probe11_handwritten_hexagon,search/certs/wall40_cert_20260801.json
P-WALL-45,wall(Dih-B4),45,41,odd-prime-power,UNKNOWN,UNKNOWN,984,C41 x S4,UNKNOWN,True,3,True,True,UNKNOWN,,P-WALL-45 / probe11_handwritten_hexagon,search/certs/wall45_cert_20260801.json
W-CENT-B,wall(Dih-B4),18,9,odd-prime-power,UNKNOWN,UNKNOWN,162,C9 x D18,UNKNOWN,True,UNKNOWN,True,True,UNKNOWN,,W-CENT-B / mathematician_handwritten,search/certs/centb_cert_20260731.json
T5-dl3,wall(Dih-B4),21,17,odd-prime-power,UNKNOWN,UNKNOWN,408,C17 x S4,UNKNOWN,True,3,True,True,UNKNOWN,,T5-dl3 / mathematician_handwritten,search/certs/dl3_cert_20260731.json
W-D-A16-11a,metabelian-pincer(band1),11,UNKNOWN,UNKNOWN,UNKNOWN,880,88,C11 x D8,False,TRUE(metabelian band),UNKNOWN,UNKNOWN,UNKNOWN,UNKNOWN,,K_struct=C11 x D8 / Kab_struct=None,search/certs/a16_kernel_structure_20260729.json
W-D-A18-13a,metabelian-pincer(band1),13,UNKNOWN,UNKNOWN,UNKNOWN,1248,104,C13 x D8,False,TRUE(metabelian band),2,UNKNOWN,UNKNOWN,UNKNOWN,,K_struct=C13 x D8 / Kab_struct=C26 x C2,search/certs/a18_kernel_structure_20260729.json
W-D-A20-15a,metabelian-pincer(band1),15,UNKNOWN,UNKNOWN,UNKNOWN,960,120,C15 x D8,False,TRUE(metabelian band),2,UNKNOWN,UNKNOWN,UNKNOWN,,K_struct=C15 x D8 / Kab_struct=C30 x C2,search/certs/a20_kernel_structure_20260729.json
K3,"dihedral(K-side, MCOV pair)",3,UNKNOWN(pair-level; N_prime_ord below),odd-prime-power,UNKNOWN,UNKNOWN,UNKNOWN,UNKNOWN,UNKNOWN,UNKNOWN,UNKNOWN,UNKNOWN,UNKNOWN,MCOV_HOLDS,1a(N_prime_ord=4),M_ord=12,search/certs/ihnec_gap4_mcov_scan_20260801.json
K3,"dihedral(K-side, MCOV pair)",3,UNKNOWN(pair-level; N_prime_ord below),odd-prime-power,UNKNOWN,UNKNOWN,UNKNOWN,UNKNOWN,UNKNOWN,UNKNOWN,UNKNOWN,UNKNOWN,UNKNOWN,MCOV_HOLDS,2a(N_prime_ord=4),M_ord=12,search/certs/ihnec_gap4_mcov_scan_20260801.json
K3,"dihedral(K-side, MCOV pair)",3,UNKNOWN(pair-level; N_prime_ord below),odd-prime-power,UNKNOWN,UNKNOWN,UNKNOWN,UNKNOWN,UNKNOWN,UNKNOWN,UNKNOWN,UNKNOWN,UNKNOWN,MCOV_HOLDS,2b(N_prime_ord=4),M_ord=12,search/certs/ihnec_gap4_mcov_scan_20260801.json
K3,"dihedral(K-side, MCOV pair)",3,UNKNOWN(pair-level; N_prime_ord below),odd-prime-power,UNKNOWN,UNKNOWN,UNKNOWN,UNKNOWN,UNKNOWN,UNKNOWN,UNKNOWN,UNKNOWN,UNKNOWN,MCOV_HOLDS,S2(N_prime_ord=4),M_ord=12,search/certs/ihnec_gap4_mcov_scan_20260801.json
K3,"dihedral(K-side, MCOV pair)",3,UNKNOWN(pair-level; N_prime_ord below),odd-prime-power,UNKNOWN,UNKNOWN,UNKNOWN,UNKNOWN,UNKNOWN,UNKNOWN,UNKNOWN,UNKNOWN,UNKNOWN,MCOV_HOLDS,A1(N_prime_ord=5),M_ord=30,search/certs/ihnec_gap4_mcov_scan_20260801.json
K3,"dihedral(K-side, MCOV pair)",3,UNKNOWN(pair-level; N_prime_ord below),odd-prime-power,UNKNOWN,UNKNOWN,UNKNOWN,UNKNOWN,UNKNOWN,UNKNOWN,UNKNOWN,UNKNOWN,UNKNOWN,MCOV_HOLDS,A2(N_prime_ord=5),M_ord=30,search/certs/ihnec_gap4_mcov_scan_20260801.json
K3,"dihedral(K-side, MCOV pair)",3,UNKNOWN(pair-level; N_prime_ord below),odd-prime-power,UNKNOWN,UNKNOWN,UNKNOWN,UNKNOWN,UNKNOWN,UNKNOWN,UNKNOWN,UNKNOWN,UNKNOWN,MCOV_HOLDS,N5(N_prime_ord=5),M_ord=30,search/certs/ihnec_gap4_mcov_scan_20260801.json
K3,"dihedral(K-side, MCOV pair)",3,UNKNOWN(pair-level; N_prime_ord below),odd-prime-power,UNKNOWN,UNKNOWN,UNKNOWN,UNKNOWN,UNKNOWN,UNKNOWN,UNKNOWN,UNKNOWN,UNKNOWN,MCOV_HOLDS,S6(N_prime_ord=5),M_ord=30,search/certs/ihnec_gap4_mcov_scan_20260801.json
K3,"dihedral(K-side, MCOV pair)",3,UNKNOWN(pair-level; N_prime_ord below),odd-prime-power,UNKNOWN,UNKNOWN,UNKNOWN,UNKNOWN,UNKNOWN,UNKNOWN,UNKNOWN,UNKNOWN,UNKNOWN,MCOV_HOLDS,L01(N_prime_ord=6),M_ord=6,search/certs/ihnec_gap4_mcov_scan_20260801.json
K3,"dihedral(K-side, MCOV pair)",3,UNKNOWN(pair-level; N_prime_ord below),odd-prime-power,UNKNOWN,UNKNOWN,UNKNOWN,UNKNOWN,UNKNOWN,UNKNOWN,UNKNOWN,UNKNOWN,UNKNOWN,MCOV_HOLDS,S7(N_prime_ord=6),M_ord=6,search/certs/ihnec_gap4_mcov_scan_20260801.json
K3,"dihedral(K-side, MCOV pair)",3,UNKNOWN(pair-level; N_prime_ord below),odd-prime-power,UNKNOWN,UNKNOWN,UNKNOWN,UNKNOWN,UNKNOWN,UNKNOWN,UNKNOWN,UNKNOWN,UNKNOWN,MCOV_HOLDS,S1(N_prime_ord=7),M_ord=42,search/certs/ihnec_gap4_mcov_scan_20260801.json
K3,"dihedral(K-side, MCOV pair)",3,UNKNOWN(pair-level; N_prime_ord below),odd-prime-power,UNKNOWN,UNKNOWN,UNKNOWN,UNKNOWN,UNKNOWN,UNKNOWN,UNKNOWN,UNKNOWN,UNKNOWN,MCOV_HOLDS,S3(N_prime_ord=7),M_ord=42,search/certs/ihnec_gap4_mcov_scan_20260801.json
K3,"dihedral(K-side, MCOV pair)",3,UNKNOWN(pair-level; N_prime_ord below),odd-prime-power,UNKNOWN,UNKNOWN,UNKNOWN,UNKNOWN,UNKNOWN,UNKNOWN,UNKNOWN,UNKNOWN,UNKNOWN,MCOV_HOLDS,S4(N_prime_ord=9),M_ord=18,search/certs/ihnec_gap4_mcov_scan_20260801.json
K3,"dihedral(K-side, MCOV pair)",3,UNKNOWN(pair-level; N_prime_ord below),odd-prime-power,UNKNOWN,UNKNOWN,UNKNOWN,UNKNOWN,UNKNOWN,UNKNOWN,UNKNOWN,UNKNOWN,UNKNOWN,MCOV_HOLDS,S5(N_prime_ord=11),M_ord=66,search/certs/ihnec_gap4_mcov_scan_20260801.json
K3,"dihedral(K-side, MCOV pair)",3,UNKNOWN(pair-level; N_prime_ord below),odd-prime-power,UNKNOWN,UNKNOWN,UNKNOWN,UNKNOWN,UNKNOWN,UNKNOWN,UNKNOWN,UNKNOWN,UNKNOWN,MCOV_HOLDS,1b(N_prime_ord=12),M_ord=12,search/certs/ihnec_gap4_mcov_scan_20260801.json
K3,"dihedral(K-side, MCOV pair)",3,UNKNOWN(pair-level; N_prime_ord below),odd-prime-power,UNKNOWN,UNKNOWN,UNKNOWN,UNKNOWN,UNKNOWN,UNKNOWN,UNKNOWN,UNKNOWN,UNKNOWN,MCOV_HOLDS,3(N_prime_ord=12),M_ord=12,search/certs/ihnec_gap4_mcov_scan_20260801.json
K3,"dihedral(K-side, MCOV pair)",3,UNKNOWN(pair-level; N_prime_ord below),odd-prime-power,UNKNOWN,UNKNOWN,UNKNOWN,UNKNOWN,UNKNOWN,UNKNOWN,UNKNOWN,UNKNOWN,UNKNOWN,MCOV_HOLDS,M01(N_prime_ord=30),M_ord=30,search/certs/ihnec_gap4_mcov_scan_20260801.json
K5,"dihedral(K-side, MCOV pair)",5,UNKNOWN(pair-level; N_prime_ord below),odd-prime-power,UNKNOWN,UNKNOWN,UNKNOWN,UNKNOWN,UNKNOWN,UNKNOWN,UNKNOWN,UNKNOWN,UNKNOWN,MCOV_HOLDS,1a(N_prime_ord=4),M_ord=20,search/certs/ihnec_gap4_mcov_scan_20260801.json
K5,"dihedral(K-side, MCOV pair)",5,UNKNOWN(pair-level; N_prime_ord below),odd-prime-power,UNKNOWN,UNKNOWN,UNKNOWN,UNKNOWN,UNKNOWN,UNKNOWN,UNKNOWN,UNKNOWN,UNKNOWN,MCOV_HOLDS,2a(N_prime_ord=4),M_ord=20,search/certs/ihnec_gap4_mcov_scan_20260801.json
K5,"dihedral(K-side, MCOV pair)",5,UNKNOWN(pair-level; N_prime_ord below),odd-prime-power,UNKNOWN,UNKNOWN,UNKNOWN,UNKNOWN,UNKNOWN,UNKNOWN,UNKNOWN,UNKNOWN,UNKNOWN,MCOV_HOLDS,2b(N_prime_ord=4),M_ord=20,search/certs/ihnec_gap4_mcov_scan_20260801.json
K5,"dihedral(K-side, MCOV pair)",5,UNKNOWN(pair-level; N_prime_ord below),odd-prime-power,UNKNOWN,UNKNOWN,UNKNOWN,UNKNOWN,UNKNOWN,UNKNOWN,UNKNOWN,UNKNOWN,UNKNOWN,MCOV_HOLDS,S2(N_prime_ord=4),M_ord=20,search/certs/ihnec_gap4_mcov_scan_20260801.json
K5,"dihedral(K-side, MCOV pair)",5,UNKNOWN(pair-level; N_prime_ord below),odd-prime-power,UNKNOWN,UNKNOWN,UNKNOWN,UNKNOWN,UNKNOWN,UNKNOWN,UNKNOWN,UNKNOWN,UNKNOWN,MCOV_HOLDS,A1(N_prime_ord=5),M_ord=10,search/certs/ihnec_gap4_mcov_scan_20260801.json
K5,"dihedral(K-side, MCOV pair)",5,UNKNOWN(pair-level; N_prime_ord below),odd-prime-power,UNKNOWN,UNKNOWN,UNKNOWN,UNKNOWN,UNKNOWN,UNKNOWN,UNKNOWN,UNKNOWN,UNKNOWN,MCOV_HOLDS,A2(N_prime_ord=5),M_ord=10,search/certs/ihnec_gap4_mcov_scan_20260801.json
K5,"dihedral(K-side, MCOV pair)",5,UNKNOWN(pair-level; N_prime_ord below),odd-prime-power,UNKNOWN,UNKNOWN,UNKNOWN,UNKNOWN,UNKNOWN,UNKNOWN,UNKNOWN,UNKNOWN,UNKNOWN,MCOV_HOLDS,N5(N_prime_ord=5),M_ord=10,search/certs/ihnec_gap4_mcov_scan_20260801.json
K5,"dihedral(K-side, MCOV pair)",5,UNKNOWN(pair-level; N_prime_ord below),odd-prime-power,UNKNOWN,UNKNOWN,UNKNOWN,UNKNOWN,UNKNOWN,UNKNOWN,UNKNOWN,UNKNOWN,UNKNOWN,MCOV_HOLDS,S6(N_prime_ord=5),M_ord=10,search/certs/ihnec_gap4_mcov_scan_20260801.json
K5,"dihedral(K-side, MCOV pair)",5,UNKNOWN(pair-level; N_prime_ord below),odd-prime-power,UNKNOWN,UNKNOWN,UNKNOWN,UNKNOWN,UNKNOWN,UNKNOWN,UNKNOWN,UNKNOWN,UNKNOWN,MCOV_HOLDS,L01(N_prime_ord=6),M_ord=30,search/certs/ihnec_gap4_mcov_scan_20260801.json
K5,"dihedral(K-side, MCOV pair)",5,UNKNOWN(pair-level; N_prime_ord below),odd-prime-power,UNKNOWN,UNKNOWN,UNKNOWN,UNKNOWN,UNKNOWN,UNKNOWN,UNKNOWN,UNKNOWN,UNKNOWN,MCOV_HOLDS,S7(N_prime_ord=6),M_ord=30,search/certs/ihnec_gap4_mcov_scan_20260801.json
K5,"dihedral(K-side, MCOV pair)",5,UNKNOWN(pair-level; N_prime_ord below),odd-prime-power,UNKNOWN,UNKNOWN,UNKNOWN,UNKNOWN,UNKNOWN,UNKNOWN,UNKNOWN,UNKNOWN,UNKNOWN,MCOV_HOLDS,S1(N_prime_ord=7),M_ord=70,search/certs/ihnec_gap4_mcov_scan_20260801.json
K5,"dihedral(K-side, MCOV pair)",5,UNKNOWN(pair-level; N_prime_ord below),odd-prime-power,UNKNOWN,UNKNOWN,UNKNOWN,UNKNOWN,UNKNOWN,UNKNOWN,UNKNOWN,UNKNOWN,UNKNOWN,MCOV_HOLDS,S3(N_prime_ord=7),M_ord=70,search/certs/ihnec_gap4_mcov_scan_20260801.json
K5,"dihedral(K-side, MCOV pair)",5,UNKNOWN(pair-level; N_prime_ord below),odd-prime-power,UNKNOWN,UNKNOWN,UNKNOWN,UNKNOWN,UNKNOWN,UNKNOWN,UNKNOWN,UNKNOWN,UNKNOWN,MCOV_HOLDS,S4(N_prime_ord=9),M_ord=90,search/certs/ihnec_gap4_mcov_scan_20260801.json
K5,"dihedral(K-side, MCOV pair)",5,UNKNOWN(pair-level; N_prime_ord below),odd-prime-power,UNKNOWN,UNKNOWN,UNKNOWN,UNKNOWN,UNKNOWN,UNKNOWN,UNKNOWN,UNKNOWN,UNKNOWN,MCOV_HOLDS,S5(N_prime_ord=11),M_ord=110,search/certs/ihnec_gap4_mcov_scan_20260801.json
K5,"dihedral(K-side, MCOV pair)",5,UNKNOWN(pair-level; N_prime_ord below),odd-prime-power,UNKNOWN,UNKNOWN,UNKNOWN,UNKNOWN,UNKNOWN,UNKNOWN,UNKNOWN,UNKNOWN,UNKNOWN,MCOV_HOLDS,1b(N_prime_ord=12),M_ord=60,search/certs/ihnec_gap4_mcov_scan_20260801.json
K5,"dihedral(K-side, MCOV pair)",5,UNKNOWN(pair-level; N_prime_ord below),odd-prime-power,UNKNOWN,UNKNOWN,UNKNOWN,UNKNOWN,UNKNOWN,UNKNOWN,UNKNOWN,UNKNOWN,UNKNOWN,MCOV_HOLDS,3(N_prime_ord=12),M_ord=60,search/certs/ihnec_gap4_mcov_scan_20260801.json
K5,"dihedral(K-side, MCOV pair)",5,UNKNOWN(pair-level; N_prime_ord below),odd-prime-power,UNKNOWN,UNKNOWN,UNKNOWN,UNKNOWN,UNKNOWN,UNKNOWN,UNKNOWN,UNKNOWN,UNKNOWN,MCOV_HOLDS,M01(N_prime_ord=30),M_ord=30,search/certs/ihnec_gap4_mcov_scan_20260801.json
K7,"dihedral(K-side, MCOV pair)",7,UNKNOWN(pair-level; N_prime_ord below),odd-prime-power,UNKNOWN,UNKNOWN,UNKNOWN,UNKNOWN,UNKNOWN,UNKNOWN,UNKNOWN,UNKNOWN,UNKNOWN,MCOV_HOLDS,1a(N_prime_ord=4),M_ord=28,search/certs/ihnec_gap4_mcov_scan_20260801.json
K7,"dihedral(K-side, MCOV pair)",7,UNKNOWN(pair-level; N_prime_ord below),odd-prime-power,UNKNOWN,UNKNOWN,UNKNOWN,UNKNOWN,UNKNOWN,UNKNOWN,UNKNOWN,UNKNOWN,UNKNOWN,MCOV_HOLDS,2a(N_prime_ord=4),M_ord=28,search/certs/ihnec_gap4_mcov_scan_20260801.json
K7,"dihedral(K-side, MCOV pair)",7,UNKNOWN(pair-level; N_prime_ord below),odd-prime-power,UNKNOWN,UNKNOWN,UNKNOWN,UNKNOWN,UNKNOWN,UNKNOWN,UNKNOWN,UNKNOWN,UNKNOWN,MCOV_HOLDS,2b(N_prime_ord=4),M_ord=28,search/certs/ihnec_gap4_mcov_scan_20260801.json
K7,"dihedral(K-side, MCOV pair)",7,UNKNOWN(pair-level; N_prime_ord below),odd-prime-power,UNKNOWN,UNKNOWN,UNKNOWN,UNKNOWN,UNKNOWN,UNKNOWN,UNKNOWN,UNKNOWN,UNKNOWN,MCOV_HOLDS,S2(N_prime_ord=4),M_ord=28,search/certs/ihnec_gap4_mcov_scan_20260801.json
K7,"dihedral(K-side, MCOV pair)",7,UNKNOWN(pair-level; N_prime_ord below),odd-prime-power,UNKNOWN,UNKNOWN,UNKNOWN,UNKNOWN,UNKNOWN,UNKNOWN,UNKNOWN,UNKNOWN,UNKNOWN,MCOV_HOLDS,A1(N_prime_ord=5),M_ord=70,search/certs/ihnec_gap4_mcov_scan_20260801.json
K7,"dihedral(K-side, MCOV pair)",7,UNKNOWN(pair-level; N_prime_ord below),odd-prime-power,UNKNOWN,UNKNOWN,UNKNOWN,UNKNOWN,UNKNOWN,UNKNOWN,UNKNOWN,UNKNOWN,UNKNOWN,MCOV_HOLDS,A2(N_prime_ord=5),M_ord=70,search/certs/ihnec_gap4_mcov_scan_20260801.json
K7,"dihedral(K-side, MCOV pair)",7,UNKNOWN(pair-level; N_prime_ord below),odd-prime-power,UNKNOWN,UNKNOWN,UNKNOWN,UNKNOWN,UNKNOWN,UNKNOWN,UNKNOWN,UNKNOWN,UNKNOWN,MCOV_HOLDS,N5(N_prime_ord=5),M_ord=70,search/certs/ihnec_gap4_mcov_scan_20260801.json
K7,"dihedral(K-side, MCOV pair)",7,UNKNOWN(pair-level; N_prime_ord below),odd-prime-power,UNKNOWN,UNKNOWN,UNKNOWN,UNKNOWN,UNKNOWN,UNKNOWN,UNKNOWN,UNKNOWN,UNKNOWN,MCOV_HOLDS,S6(N_prime_ord=5),M_ord=70,search/certs/ihnec_gap4_mcov_scan_20260801.json
K7,"dihedral(K-side, MCOV pair)",7,UNKNOWN(pair-level; N_prime_ord below),odd-prime-power,UNKNOWN,UNKNOWN,UNKNOWN,UNKNOWN,UNKNOWN,UNKNOWN,UNKNOWN,UNKNOWN,UNKNOWN,MCOV_HOLDS,L01(N_prime_ord=6),M_ord=42,search/certs/ihnec_gap4_mcov_scan_20260801.json
K7,"dihedral(K-side, MCOV pair)",7,UNKNOWN(pair-level; N_prime_ord below),odd-prime-power,UNKNOWN,UNKNOWN,UNKNOWN,UNKNOWN,UNKNOWN,UNKNOWN,UNKNOWN,UNKNOWN,UNKNOWN,MCOV_HOLDS,S7(N_prime_ord=6),M_ord=42,search/certs/ihnec_gap4_mcov_scan_20260801.json
K7,"dihedral(K-side, MCOV pair)",7,UNKNOWN(pair-level; N_prime_ord below),odd-prime-power,UNKNOWN,UNKNOWN,UNKNOWN,UNKNOWN,UNKNOWN,UNKNOWN,UNKNOWN,UNKNOWN,UNKNOWN,MCOV_HOLDS,S1(N_prime_ord=7),M_ord=14,search/certs/ihnec_gap4_mcov_scan_20260801.json
K7,"dihedral(K-side, MCOV pair)",7,UNKNOWN(pair-level; N_prime_ord below),odd-prime-power,UNKNOWN,UNKNOWN,UNKNOWN,UNKNOWN,UNKNOWN,UNKNOWN,UNKNOWN,UNKNOWN,UNKNOWN,MCOV_HOLDS,S3(N_prime_ord=7),M_ord=14,search/certs/ihnec_gap4_mcov_scan_20260801.json
K7,"dihedral(K-side, MCOV pair)",7,UNKNOWN(pair-level; N_prime_ord below),odd-prime-power,UNKNOWN,UNKNOWN,UNKNOWN,UNKNOWN,UNKNOWN,UNKNOWN,UNKNOWN,UNKNOWN,UNKNOWN,MCOV_HOLDS,S4(N_prime_ord=9),M_ord=126,search/certs/ihnec_gap4_mcov_scan_20260801.json
K7,"dihedral(K-side, MCOV pair)",7,UNKNOWN(pair-level; N_prime_ord below),odd-prime-power,UNKNOWN,UNKNOWN,UNKNOWN,UNKNOWN,UNKNOWN,UNKNOWN,UNKNOWN,UNKNOWN,UNKNOWN,MCOV_HOLDS,S5(N_prime_ord=11),M_ord=154,search/certs/ihnec_gap4_mcov_scan_20260801.json
K7,"dihedral(K-side, MCOV pair)",7,UNKNOWN(pair-level; N_prime_ord below),odd-prime-power,UNKNOWN,UNKNOWN,UNKNOWN,UNKNOWN,UNKNOWN,UNKNOWN,UNKNOWN,UNKNOWN,UNKNOWN,MCOV_HOLDS,1b(N_prime_ord=12),M_ord=84,search/certs/ihnec_gap4_mcov_scan_20260801.json
K7,"dihedral(K-side, MCOV pair)",7,UNKNOWN(pair-level; N_prime_ord below),odd-prime-power,UNKNOWN,UNKNOWN,UNKNOWN,UNKNOWN,UNKNOWN,UNKNOWN,UNKNOWN,UNKNOWN,UNKNOWN,MCOV_HOLDS,3(N_prime_ord=12),M_ord=84,search/certs/ihnec_gap4_mcov_scan_20260801.json
K7,"dihedral(K-side, MCOV pair)",7,UNKNOWN(pair-level; N_prime_ord below),odd-prime-power,UNKNOWN,UNKNOWN,UNKNOWN,UNKNOWN,UNKNOWN,UNKNOWN,UNKNOWN,UNKNOWN,UNKNOWN,MCOV_HOLDS,M01(N_prime_ord=30),M_ord=210,search/certs/ihnec_gap4_mcov_scan_20260801.json
K9,"dihedral(K-side, MCOV pair)",9,UNKNOWN(pair-level; N_prime_ord below),odd-prime-power,UNKNOWN,UNKNOWN,UNKNOWN,UNKNOWN,UNKNOWN,UNKNOWN,UNKNOWN,UNKNOWN,UNKNOWN,MCOV_HOLDS,1a(N_prime_ord=4),M_ord=36,search/certs/ihnec_gap4_mcov_scan_20260801.json
K9,"dihedral(K-side, MCOV pair)",9,UNKNOWN(pair-level; N_prime_ord below),odd-prime-power,UNKNOWN,UNKNOWN,UNKNOWN,UNKNOWN,UNKNOWN,UNKNOWN,UNKNOWN,UNKNOWN,UNKNOWN,MCOV_HOLDS,2a(N_prime_ord=4),M_ord=36,search/certs/ihnec_gap4_mcov_scan_20260801.json
K9,"dihedral(K-side, MCOV pair)",9,UNKNOWN(pair-level; N_prime_ord below),odd-prime-power,UNKNOWN,UNKNOWN,UNKNOWN,UNKNOWN,UNKNOWN,UNKNOWN,UNKNOWN,UNKNOWN,UNKNOWN,MCOV_HOLDS,2b(N_prime_ord=4),M_ord=36,search/certs/ihnec_gap4_mcov_scan_20260801.json
K9,"dihedral(K-side, MCOV pair)",9,UNKNOWN(pair-level; N_prime_ord below),odd-prime-power,UNKNOWN,UNKNOWN,UNKNOWN,UNKNOWN,UNKNOWN,UNKNOWN,UNKNOWN,UNKNOWN,UNKNOWN,MCOV_HOLDS,S2(N_prime_ord=4),M_ord=36,search/certs/ihnec_gap4_mcov_scan_20260801.json
K9,"dihedral(K-side, MCOV pair)",9,UNKNOWN(pair-level; N_prime_ord below),odd-prime-power,UNKNOWN,UNKNOWN,UNKNOWN,UNKNOWN,UNKNOWN,UNKNOWN,UNKNOWN,UNKNOWN,UNKNOWN,MCOV_HOLDS,A1(N_prime_ord=5),M_ord=90,search/certs/ihnec_gap4_mcov_scan_20260801.json
K9,"dihedral(K-side, MCOV pair)",9,UNKNOWN(pair-level; N_prime_ord below),odd-prime-power,UNKNOWN,UNKNOWN,UNKNOWN,UNKNOWN,UNKNOWN,UNKNOWN,UNKNOWN,UNKNOWN,UNKNOWN,MCOV_HOLDS,A2(N_prime_ord=5),M_ord=90,search/certs/ihnec_gap4_mcov_scan_20260801.json
K9,"dihedral(K-side, MCOV pair)",9,UNKNOWN(pair-level; N_prime_ord below),odd-prime-power,UNKNOWN,UNKNOWN,UNKNOWN,UNKNOWN,UNKNOWN,UNKNOWN,UNKNOWN,UNKNOWN,UNKNOWN,MCOV_HOLDS,N5(N_prime_ord=5),M_ord=90,search/certs/ihnec_gap4_mcov_scan_20260801.json
K9,"dihedral(K-side, MCOV pair)",9,UNKNOWN(pair-level; N_prime_ord below),odd-prime-power,UNKNOWN,UNKNOWN,UNKNOWN,UNKNOWN,UNKNOWN,UNKNOWN,UNKNOWN,UNKNOWN,UNKNOWN,MCOV_HOLDS,S6(N_prime_ord=5),M_ord=90,search/certs/ihnec_gap4_mcov_scan_20260801.json
K9,"dihedral(K-side, MCOV pair)",9,UNKNOWN(pair-level; N_prime_ord below),odd-prime-power,UNKNOWN,UNKNOWN,UNKNOWN,UNKNOWN,UNKNOWN,UNKNOWN,UNKNOWN,UNKNOWN,UNKNOWN,MCOV_HOLDS,L01(N_prime_ord=6),M_ord=18,search/certs/ihnec_gap4_mcov_scan_20260801.json
K9,"dihedral(K-side, MCOV pair)",9,UNKNOWN(pair-level; N_prime_ord below),odd-prime-power,UNKNOWN,UNKNOWN,UNKNOWN,UNKNOWN,UNKNOWN,UNKNOWN,UNKNOWN,UNKNOWN,UNKNOWN,MCOV_HOLDS,S7(N_prime_ord=6),M_ord=18,search/certs/ihnec_gap4_mcov_scan_20260801.json
K9,"dihedral(K-side, MCOV pair)",9,UNKNOWN(pair-level; N_prime_ord below),odd-prime-power,UNKNOWN,UNKNOWN,UNKNOWN,UNKNOWN,UNKNOWN,UNKNOWN,UNKNOWN,UNKNOWN,UNKNOWN,MCOV_HOLDS,S1(N_prime_ord=7),M_ord=126,search/certs/ihnec_gap4_mcov_scan_20260801.json
K9,"dihedral(K-side, MCOV pair)",9,UNKNOWN(pair-level; N_prime_ord below),odd-prime-power,UNKNOWN,UNKNOWN,UNKNOWN,UNKNOWN,UNKNOWN,UNKNOWN,UNKNOWN,UNKNOWN,UNKNOWN,MCOV_HOLDS,S3(N_prime_ord=7),M_ord=126,search/certs/ihnec_gap4_mcov_scan_20260801.json
K9,"dihedral(K-side, MCOV pair)",9,UNKNOWN(pair-level; N_prime_ord below),odd-prime-power,UNKNOWN,UNKNOWN,UNKNOWN,UNKNOWN,UNKNOWN,UNKNOWN,UNKNOWN,UNKNOWN,UNKNOWN,MCOV_HOLDS,S4(N_prime_ord=9),M_ord=18,search/certs/ihnec_gap4_mcov_scan_20260801.json
K9,"dihedral(K-side, MCOV pair)",9,UNKNOWN(pair-level; N_prime_ord below),odd-prime-power,UNKNOWN,UNKNOWN,UNKNOWN,UNKNOWN,UNKNOWN,UNKNOWN,UNKNOWN,UNKNOWN,UNKNOWN,MCOV_HOLDS,S5(N_prime_ord=11),M_ord=198,search/certs/ihnec_gap4_mcov_scan_20260801.json
K9,"dihedral(K-side, MCOV pair)",9,UNKNOWN(pair-level; N_prime_ord below),odd-prime-power,UNKNOWN,UNKNOWN,UNKNOWN,UNKNOWN,UNKNOWN,UNKNOWN,UNKNOWN,UNKNOWN,UNKNOWN,MCOV_HOLDS,1b(N_prime_ord=12),M_ord=36,search/certs/ihnec_gap4_mcov_scan_20260801.json
K9,"dihedral(K-side, MCOV pair)",9,UNKNOWN(pair-level; N_prime_ord below),odd-prime-power,UNKNOWN,UNKNOWN,UNKNOWN,UNKNOWN,UNKNOWN,UNKNOWN,UNKNOWN,UNKNOWN,UNKNOWN,MCOV_HOLDS,3(N_prime_ord=12),M_ord=36,search/certs/ihnec_gap4_mcov_scan_20260801.json
K9,"dihedral(K-side, MCOV pair)",9,UNKNOWN(pair-level; N_prime_ord below),odd-prime-power,UNKNOWN,UNKNOWN,UNKNOWN,UNKNOWN,UNKNOWN,UNKNOWN,UNKNOWN,UNKNOWN,UNKNOWN,MCOV_HOLDS,M01(N_prime_ord=30),M_ord=90,search/certs/ihnec_gap4_mcov_scan_20260801.json
K11,"dihedral(K-side, MCOV pair)",11,UNKNOWN(pair-level; N_prime_ord below),odd-prime-power,UNKNOWN,UNKNOWN,UNKNOWN,UNKNOWN,UNKNOWN,UNKNOWN,UNKNOWN,UNKNOWN,UNKNOWN,MCOV_HOLDS,1a(N_prime_ord=4),M_ord=44,search/certs/ihnec_gap4_mcov_scan_20260801.json
K11,"dihedral(K-side, MCOV pair)",11,UNKNOWN(pair-level; N_prime_ord below),odd-prime-power,UNKNOWN,UNKNOWN,UNKNOWN,UNKNOWN,UNKNOWN,UNKNOWN,UNKNOWN,UNKNOWN,UNKNOWN,MCOV_HOLDS,2a(N_prime_ord=4),M_ord=44,search/certs/ihnec_gap4_mcov_scan_20260801.json
K11,"dihedral(K-side, MCOV pair)",11,UNKNOWN(pair-level; N_prime_ord below),odd-prime-power,UNKNOWN,UNKNOWN,UNKNOWN,UNKNOWN,UNKNOWN,UNKNOWN,UNKNOWN,UNKNOWN,UNKNOWN,MCOV_HOLDS,2b(N_prime_ord=4),M_ord=44,search/certs/ihnec_gap4_mcov_scan_20260801.json
K11,"dihedral(K-side, MCOV pair)",11,UNKNOWN(pair-level; N_prime_ord below),odd-prime-power,UNKNOWN,UNKNOWN,UNKNOWN,UNKNOWN,UNKNOWN,UNKNOWN,UNKNOWN,UNKNOWN,UNKNOWN,MCOV_HOLDS,S2(N_prime_ord=4),M_ord=44,search/certs/ihnec_gap4_mcov_scan_20260801.json
K11,"dihedral(K-side, MCOV pair)",11,UNKNOWN(pair-level; N_prime_ord below),odd-prime-power,UNKNOWN,UNKNOWN,UNKNOWN,UNKNOWN,UNKNOWN,UNKNOWN,UNKNOWN,UNKNOWN,UNKNOWN,MCOV_HOLDS,A1(N_prime_ord=5),M_ord=110,search/certs/ihnec_gap4_mcov_scan_20260801.json
K11,"dihedral(K-side, MCOV pair)",11,UNKNOWN(pair-level; N_prime_ord below),odd-prime-power,UNKNOWN,UNKNOWN,UNKNOWN,UNKNOWN,UNKNOWN,UNKNOWN,UNKNOWN,UNKNOWN,UNKNOWN,MCOV_HOLDS,A2(N_prime_ord=5),M_ord=110,search/certs/ihnec_gap4_mcov_scan_20260801.json
K11,"dihedral(K-side, MCOV pair)",11,UNKNOWN(pair-level; N_prime_ord below),odd-prime-power,UNKNOWN,UNKNOWN,UNKNOWN,UNKNOWN,UNKNOWN,UNKNOWN,UNKNOWN,UNKNOWN,UNKNOWN,MCOV_HOLDS,N5(N_prime_ord=5),M_ord=110,search/certs/ihnec_gap4_mcov_scan_20260801.json
K11,"dihedral(K-side, MCOV pair)",11,UNKNOWN(pair-level; N_prime_ord below),odd-prime-power,UNKNOWN,UNKNOWN,UNKNOWN,UNKNOWN,UNKNOWN,UNKNOWN,UNKNOWN,UNKNOWN,UNKNOWN,MCOV_HOLDS,S6(N_prime_ord=5),M_ord=110,search/certs/ihnec_gap4_mcov_scan_20260801.json
K11,"dihedral(K-side, MCOV pair)",11,UNKNOWN(pair-level; N_prime_ord below),odd-prime-power,UNKNOWN,UNKNOWN,UNKNOWN,UNKNOWN,UNKNOWN,UNKNOWN,UNKNOWN,UNKNOWN,UNKNOWN,MCOV_HOLDS,L01(N_prime_ord=6),M_ord=66,search/certs/ihnec_gap4_mcov_scan_20260801.json
K11,"dihedral(K-side, MCOV pair)",11,UNKNOWN(pair-level; N_prime_ord below),odd-prime-power,UNKNOWN,UNKNOWN,UNKNOWN,UNKNOWN,UNKNOWN,UNKNOWN,UNKNOWN,UNKNOWN,UNKNOWN,MCOV_HOLDS,S7(N_prime_ord=6),M_ord=66,search/certs/ihnec_gap4_mcov_scan_20260801.json
K11,"dihedral(K-side, MCOV pair)",11,UNKNOWN(pair-level; N_prime_ord below),odd-prime-power,UNKNOWN,UNKNOWN,UNKNOWN,UNKNOWN,UNKNOWN,UNKNOWN,UNKNOWN,UNKNOWN,UNKNOWN,MCOV_HOLDS,S1(N_prime_ord=7),M_ord=154,search/certs/ihnec_gap4_mcov_scan_20260801.json
K11,"dihedral(K-side, MCOV pair)",11,UNKNOWN(pair-level; N_prime_ord below),odd-prime-power,UNKNOWN,UNKNOWN,UNKNOWN,UNKNOWN,UNKNOWN,UNKNOWN,UNKNOWN,UNKNOWN,UNKNOWN,MCOV_HOLDS,S3(N_prime_ord=7),M_ord=154,search/certs/ihnec_gap4_mcov_scan_20260801.json
K11,"dihedral(K-side, MCOV pair)",11,UNKNOWN(pair-level; N_prime_ord below),odd-prime-power,UNKNOWN,UNKNOWN,UNKNOWN,UNKNOWN,UNKNOWN,UNKNOWN,UNKNOWN,UNKNOWN,UNKNOWN,MCOV_HOLDS,S4(N_prime_ord=9),M_ord=198,search/certs/ihnec_gap4_mcov_scan_20260801.json
K11,"dihedral(K-side, MCOV pair)",11,UNKNOWN(pair-level; N_prime_ord below),odd-prime-power,UNKNOWN,UNKNOWN,UNKNOWN,UNKNOWN,UNKNOWN,UNKNOWN,UNKNOWN,UNKNOWN,UNKNOWN,MCOV_HOLDS,S5(N_prime_ord=11),M_ord=22,search/certs/ihnec_gap4_mcov_scan_20260801.json
K11,"dihedral(K-side, MCOV pair)",11,UNKNOWN(pair-level; N_prime_ord below),odd-prime-power,UNKNOWN,UNKNOWN,UNKNOWN,UNKNOWN,UNKNOWN,UNKNOWN,UNKNOWN,UNKNOWN,UNKNOWN,MCOV_HOLDS,1b(N_prime_ord=12),M_ord=132,search/certs/ihnec_gap4_mcov_scan_20260801.json
K11,"dihedral(K-side, MCOV pair)",11,UNKNOWN(pair-level; N_prime_ord below),odd-prime-power,UNKNOWN,UNKNOWN,UNKNOWN,UNKNOWN,UNKNOWN,UNKNOWN,UNKNOWN,UNKNOWN,UNKNOWN,MCOV_HOLDS,3(N_prime_ord=12),M_ord=132,search/certs/ihnec_gap4_mcov_scan_20260801.json
K11,"dihedral(K-side, MCOV pair)",11,UNKNOWN(pair-level; N_prime_ord below),odd-prime-power,UNKNOWN,UNKNOWN,UNKNOWN,UNKNOWN,UNKNOWN,UNKNOWN,UNKNOWN,UNKNOWN,UNKNOWN,MCOV_HOLDS,M01(N_prime_ord=30),M_ord=330,search/certs/ihnec_gap4_mcov_scan_20260801.json
K13,"dihedral(K-side, MCOV pair)",13,UNKNOWN(pair-level; N_prime_ord below),odd-prime-power,UNKNOWN,UNKNOWN,UNKNOWN,UNKNOWN,UNKNOWN,UNKNOWN,UNKNOWN,UNKNOWN,UNKNOWN,MCOV_HOLDS,1a(N_prime_ord=4),M_ord=52,search/certs/ihnec_gap4_mcov_scan_20260801.json
K13,"dihedral(K-side, MCOV pair)",13,UNKNOWN(pair-level; N_prime_ord below),odd-prime-power,UNKNOWN,UNKNOWN,UNKNOWN,UNKNOWN,UNKNOWN,UNKNOWN,UNKNOWN,UNKNOWN,UNKNOWN,MCOV_HOLDS,2a(N_prime_ord=4),M_ord=52,search/certs/ihnec_gap4_mcov_scan_20260801.json
K13,"dihedral(K-side, MCOV pair)",13,UNKNOWN(pair-level; N_prime_ord below),odd-prime-power,UNKNOWN,UNKNOWN,UNKNOWN,UNKNOWN,UNKNOWN,UNKNOWN,UNKNOWN,UNKNOWN,UNKNOWN,MCOV_HOLDS,2b(N_prime_ord=4),M_ord=52,search/certs/ihnec_gap4_mcov_scan_20260801.json
K13,"dihedral(K-side, MCOV pair)",13,UNKNOWN(pair-level; N_prime_ord below),odd-prime-power,UNKNOWN,UNKNOWN,UNKNOWN,UNKNOWN,UNKNOWN,UNKNOWN,UNKNOWN,UNKNOWN,UNKNOWN,MCOV_HOLDS,S2(N_prime_ord=4),M_ord=52,search/certs/ihnec_gap4_mcov_scan_20260801.json
K13,"dihedral(K-side, MCOV pair)",13,UNKNOWN(pair-level; N_prime_ord below),odd-prime-power,UNKNOWN,UNKNOWN,UNKNOWN,UNKNOWN,UNKNOWN,UNKNOWN,UNKNOWN,UNKNOWN,UNKNOWN,MCOV_HOLDS,A1(N_prime_ord=5),M_ord=130,search/certs/ihnec_gap4_mcov_scan_20260801.json
K13,"dihedral(K-side, MCOV pair)",13,UNKNOWN(pair-level; N_prime_ord below),odd-prime-power,UNKNOWN,UNKNOWN,UNKNOWN,UNKNOWN,UNKNOWN,UNKNOWN,UNKNOWN,UNKNOWN,UNKNOWN,MCOV_HOLDS,A2(N_prime_ord=5),M_ord=130,search/certs/ihnec_gap4_mcov_scan_20260801.json
K13,"dihedral(K-side, MCOV pair)",13,UNKNOWN(pair-level; N_prime_ord below),odd-prime-power,UNKNOWN,UNKNOWN,UNKNOWN,UNKNOWN,UNKNOWN,UNKNOWN,UNKNOWN,UNKNOWN,UNKNOWN,MCOV_HOLDS,N5(N_prime_ord=5),M_ord=130,search/certs/ihnec_gap4_mcov_scan_20260801.json
K13,"dihedral(K-side, MCOV pair)",13,UNKNOWN(pair-level; N_prime_ord below),odd-prime-power,UNKNOWN,UNKNOWN,UNKNOWN,UNKNOWN,UNKNOWN,UNKNOWN,UNKNOWN,UNKNOWN,UNKNOWN,MCOV_HOLDS,S6(N_prime_ord=5),M_ord=130,search/certs/ihnec_gap4_mcov_scan_20260801.json
K13,"dihedral(K-side, MCOV pair)",13,UNKNOWN(pair-level; N_prime_ord below),odd-prime-power,UNKNOWN,UNKNOWN,UNKNOWN,UNKNOWN,UNKNOWN,UNKNOWN,UNKNOWN,UNKNOWN,UNKNOWN,MCOV_HOLDS,L01(N_prime_ord=6),M_ord=78,search/certs/ihnec_gap4_mcov_scan_20260801.json
K13,"dihedral(K-side, MCOV pair)",13,UNKNOWN(pair-level; N_prime_ord below),odd-prime-power,UNKNOWN,UNKNOWN,UNKNOWN,UNKNOWN,UNKNOWN,UNKNOWN,UNKNOWN,UNKNOWN,UNKNOWN,MCOV_HOLDS,S7(N_prime_ord=6),M_ord=78,search/certs/ihnec_gap4_mcov_scan_20260801.json
K13,"dihedral(K-side, MCOV pair)",13,UNKNOWN(pair-level; N_prime_ord below),odd-prime-power,UNKNOWN,UNKNOWN,UNKNOWN,UNKNOWN,UNKNOWN,UNKNOWN,UNKNOWN,UNKNOWN,UNKNOWN,MCOV_HOLDS,S1(N_prime_ord=7),M_ord=182,search/certs/ihnec_gap4_mcov_scan_20260801.json
K13,"dihedral(K-side, MCOV pair)",13,UNKNOWN(pair-level; N_prime_ord below),odd-prime-power,UNKNOWN,UNKNOWN,UNKNOWN,UNKNOWN,UNKNOWN,UNKNOWN,UNKNOWN,UNKNOWN,UNKNOWN,MCOV_HOLDS,S3(N_prime_ord=7),M_ord=182,search/certs/ihnec_gap4_mcov_scan_20260801.json
K13,"dihedral(K-side, MCOV pair)",13,UNKNOWN(pair-level; N_prime_ord below),odd-prime-power,UNKNOWN,UNKNOWN,UNKNOWN,UNKNOWN,UNKNOWN,UNKNOWN,UNKNOWN,UNKNOWN,UNKNOWN,MCOV_HOLDS,S4(N_prime_ord=9),M_ord=234,search/certs/ihnec_gap4_mcov_scan_20260801.json
K13,"dihedral(K-side, MCOV pair)",13,UNKNOWN(pair-level; N_prime_ord below),odd-prime-power,UNKNOWN,UNKNOWN,UNKNOWN,UNKNOWN,UNKNOWN,UNKNOWN,UNKNOWN,UNKNOWN,UNKNOWN,MCOV_HOLDS,S5(N_prime_ord=11),M_ord=286,search/certs/ihnec_gap4_mcov_scan_20260801.json
K13,"dihedral(K-side, MCOV pair)",13,UNKNOWN(pair-level; N_prime_ord below),odd-prime-power,UNKNOWN,UNKNOWN,UNKNOWN,UNKNOWN,UNKNOWN,UNKNOWN,UNKNOWN,UNKNOWN,UNKNOWN,MCOV_HOLDS,1b(N_prime_ord=12),M_ord=156,search/certs/ihnec_gap4_mcov_scan_20260801.json
K13,"dihedral(K-side, MCOV pair)",13,UNKNOWN(pair-level; N_prime_ord below),odd-prime-power,UNKNOWN,UNKNOWN,UNKNOWN,UNKNOWN,UNKNOWN,UNKNOWN,UNKNOWN,UNKNOWN,UNKNOWN,MCOV_HOLDS,3(N_prime_ord=12),M_ord=156,search/certs/ihnec_gap4_mcov_scan_20260801.json
K13,"dihedral(K-side, MCOV pair)",13,UNKNOWN(pair-level; N_prime_ord below),odd-prime-power,UNKNOWN,UNKNOWN,UNKNOWN,UNKNOWN,UNKNOWN,UNKNOWN,UNKNOWN,UNKNOWN,UNKNOWN,MCOV_HOLDS,M01(N_prime_ord=30),M_ord=390,search/certs/ihnec_gap4_mcov_scan_20260801.json
K15,"dihedral(K-side, MCOV pair)",15,UNKNOWN(pair-level; N_prime_ord below),odd-composite,UNKNOWN,UNKNOWN,UNKNOWN,UNKNOWN,UNKNOWN,UNKNOWN,UNKNOWN,UNKNOWN,UNKNOWN,MCOV_HOLDS,1a(N_prime_ord=4),M_ord=60,search/certs/ihnec_gap4_mcov_scan_20260801.json
K15,"dihedral(K-side, MCOV pair)",15,UNKNOWN(pair-level; N_prime_ord below),odd-composite,UNKNOWN,UNKNOWN,UNKNOWN,UNKNOWN,UNKNOWN,UNKNOWN,UNKNOWN,UNKNOWN,UNKNOWN,MCOV_HOLDS,2a(N_prime_ord=4),M_ord=60,search/certs/ihnec_gap4_mcov_scan_20260801.json
K15,"dihedral(K-side, MCOV pair)",15,UNKNOWN(pair-level; N_prime_ord below),odd-composite,UNKNOWN,UNKNOWN,UNKNOWN,UNKNOWN,UNKNOWN,UNKNOWN,UNKNOWN,UNKNOWN,UNKNOWN,MCOV_HOLDS,2b(N_prime_ord=4),M_ord=60,search/certs/ihnec_gap4_mcov_scan_20260801.json
K15,"dihedral(K-side, MCOV pair)",15,UNKNOWN(pair-level; N_prime_ord below),odd-composite,UNKNOWN,UNKNOWN,UNKNOWN,UNKNOWN,UNKNOWN,UNKNOWN,UNKNOWN,UNKNOWN,UNKNOWN,MCOV_HOLDS,S2(N_prime_ord=4),M_ord=60,search/certs/ihnec_gap4_mcov_scan_20260801.json
K15,"dihedral(K-side, MCOV pair)",15,UNKNOWN(pair-level; N_prime_ord below),odd-composite,UNKNOWN,UNKNOWN,UNKNOWN,UNKNOWN,UNKNOWN,UNKNOWN,UNKNOWN,UNKNOWN,UNKNOWN,MCOV_HOLDS,A1(N_prime_ord=5),M_ord=30,search/certs/ihnec_gap4_mcov_scan_20260801.json
K15,"dihedral(K-side, MCOV pair)",15,UNKNOWN(pair-level; N_prime_ord below),odd-composite,UNKNOWN,UNKNOWN,UNKNOWN,UNKNOWN,UNKNOWN,UNKNOWN,UNKNOWN,UNKNOWN,UNKNOWN,MCOV_HOLDS,A2(N_prime_ord=5),M_ord=30,search/certs/ihnec_gap4_mcov_scan_20260801.json
K15,"dihedral(K-side, MCOV pair)",15,UNKNOWN(pair-level; N_prime_ord below),odd-composite,UNKNOWN,UNKNOWN,UNKNOWN,UNKNOWN,UNKNOWN,UNKNOWN,UNKNOWN,UNKNOWN,UNKNOWN,MCOV_HOLDS,N5(N_prime_ord=5),M_ord=30,search/certs/ihnec_gap4_mcov_scan_20260801.json
K15,"dihedral(K-side, MCOV pair)",15,UNKNOWN(pair-level; N_prime_ord below),odd-composite,UNKNOWN,UNKNOWN,UNKNOWN,UNKNOWN,UNKNOWN,UNKNOWN,UNKNOWN,UNKNOWN,UNKNOWN,MCOV_HOLDS,S6(N_prime_ord=5),M_ord=30,search/certs/ihnec_gap4_mcov_scan_20260801.json
K15,"dihedral(K-side, MCOV pair)",15,UNKNOWN(pair-level; N_prime_ord below),odd-composite,UNKNOWN,UNKNOWN,UNKNOWN,UNKNOWN,UNKNOWN,UNKNOWN,UNKNOWN,UNKNOWN,UNKNOWN,MCOV_HOLDS,L01(N_prime_ord=6),M_ord=30,search/certs/ihnec_gap4_mcov_scan_20260801.json
K15,"dihedral(K-side, MCOV pair)",15,UNKNOWN(pair-level; N_prime_ord below),odd-composite,UNKNOWN,UNKNOWN,UNKNOWN,UNKNOWN,UNKNOWN,UNKNOWN,UNKNOWN,UNKNOWN,UNKNOWN,MCOV_HOLDS,S7(N_prime_ord=6),M_ord=30,search/certs/ihnec_gap4_mcov_scan_20260801.json
K15,"dihedral(K-side, MCOV pair)",15,UNKNOWN(pair-level; N_prime_ord below),odd-composite,UNKNOWN,UNKNOWN,UNKNOWN,UNKNOWN,UNKNOWN,UNKNOWN,UNKNOWN,UNKNOWN,UNKNOWN,MCOV_HOLDS,S1(N_prime_ord=7),M_ord=210,search/certs/ihnec_gap4_mcov_scan_20260801.json
K15,"dihedral(K-side, MCOV pair)",15,UNKNOWN(pair-level; N_prime_ord below),odd-composite,UNKNOWN,UNKNOWN,UNKNOWN,UNKNOWN,UNKNOWN,UNKNOWN,UNKNOWN,UNKNOWN,UNKNOWN,MCOV_HOLDS,S3(N_prime_ord=7),M_ord=210,search/certs/ihnec_gap4_mcov_scan_20260801.json
K15,"dihedral(K-side, MCOV pair)",15,UNKNOWN(pair-level; N_prime_ord below),odd-composite,UNKNOWN,UNKNOWN,UNKNOWN,UNKNOWN,UNKNOWN,UNKNOWN,UNKNOWN,UNKNOWN,UNKNOWN,MCOV_HOLDS,S4(N_prime_ord=9),M_ord=90,search/certs/ihnec_gap4_mcov_scan_20260801.json
K15,"dihedral(K-side, MCOV pair)",15,UNKNOWN(pair-level; N_prime_ord below),odd-composite,UNKNOWN,UNKNOWN,UNKNOWN,UNKNOWN,UNKNOWN,UNKNOWN,UNKNOWN,UNKNOWN,UNKNOWN,MCOV_HOLDS,S5(N_prime_ord=11),M_ord=330,search/certs/ihnec_gap4_mcov_scan_20260801.json
K15,"dihedral(K-side, MCOV pair)",15,UNKNOWN(pair-level; N_prime_ord below),odd-composite,UNKNOWN,UNKNOWN,UNKNOWN,UNKNOWN,UNKNOWN,UNKNOWN,UNKNOWN,UNKNOWN,UNKNOWN,MCOV_HOLDS,1b(N_prime_ord=12),M_ord=60,search/certs/ihnec_gap4_mcov_scan_20260801.json
K15,"dihedral(K-side, MCOV pair)",15,UNKNOWN(pair-level; N_prime_ord below),odd-composite,UNKNOWN,UNKNOWN,UNKNOWN,UNKNOWN,UNKNOWN,UNKNOWN,UNKNOWN,UNKNOWN,UNKNOWN,MCOV_HOLDS,3(N_prime_ord=12),M_ord=60,search/certs/ihnec_gap4_mcov_scan_20260801.json
K15,"dihedral(K-side, MCOV pair)",15,UNKNOWN(pair-level; N_prime_ord below),odd-composite,UNKNOWN,UNKNOWN,UNKNOWN,UNKNOWN,UNKNOWN,UNKNOWN,UNKNOWN,UNKNOWN,UNKNOWN,MCOV_HOLDS,M01(N_prime_ord=30),M_ord=30,search/certs/ihnec_gap4_mcov_scan_20260801.json
K3,"dihedral(main-line, n=odd)",3,UNKNOWN,UNKNOWN,settled(theorem K3),UNKNOWN,UNKNOWN,UNKNOWN,UNKNOWN,UNKNOWN,UNKNOWN,UNKNOWN,UNKNOWN,UNKNOWN(別途MCOVペア表を参照),,帯0 = 定理K3で全射踏破(settled)。数値欄は本調査で未機械確認のためUNKNOWN。,narrative:地図.md 全体図(帯0)/ 裁定不特定(定理K3)
K5,"dihedral(main-line, n=odd, blind campaign)",5,UNKNOWN,odd-prime-power,front-line(Phase1 GO),UNKNOWN(候補下限|GT|=40と記述されるが本調査未確認),UNKNOWN,UNKNOWN,UNKNOWN,UNKNOWN,UNKNOWN,UNKNOWN,UNKNOWN,UNKNOWN,,isolated=UNKNOWN(blind campaign継続中・裁定413 Phase1較正 K5-1..K5-5全PASS)。genuine判定は未確定=UNKNOWN。,narrative:LEDGER裁定413/裁定412(地図.md P1行)
"M=K9capNS4(roof,972)","roof(entangled-candidate, over K9)",9,UNKNOWN,odd-prime-power,UNKNOWN,UNKNOWN,UNKNOWN,UNKNOWN,UNKNOWN,UNKNOWN,UNKNOWN,UNKNOWN,UNKNOWN,"MCOV_HOLDS(anchor pair K9xS4, 別表参照)",S4,|GT(M)|=972が二経路(R4a/R4b)+二環境で集合水準cross-checked(裁定412/456-461)。split/non-split判定は本調査未確認=UNKNOWN。,narrative:LEDGER裁定385/387/412/456-461(地図.md P2/P6行)
K15(FIVE-BYPASS route),"dihedral(main-line, n=odd, mixed-factor)",15,UNKNOWN,odd-composite(3x5),UNKNOWN,UNKNOWN,UNKNOWN,UNKNOWN,UNKNOWN,UNKNOWN,UNKNOWN,UNKNOWN,UNKNOWN,UNKNOWN,,系FIVE-BYPASS=K(15)経由の封印非接触迂回candidate(裁定394)。量化緩和形のみ登録・genuine判定UNKNOWN。,narrative:LEDGER裁定394(地図.md P1行)
K20(calibration control),"dihedral(main-line, n=even, DEMOTED to control)",20,UNKNOWN,mixed-2-and-odd(2^2x5),UNKNOWN,UNKNOWN,UNKNOWN,UNKNOWN,UNKNOWN,UNKNOWN,UNKNOWN,UNKNOWN,UNKNOWN,UNKNOWN,,"dim coker psi_V = 1 over F2(裁定451・射影加群はW=<(1,1,1)>=F2に精密化)。d_Nは紙で確定=3つ目の標的死(裁定463)。較正controlへ転役(裁定447/451/463)。coker≠0の希少な確認済み実例。",narrative:LEDGER裁定446/451/463(地図.md P6行)
W6-cand-elementary5(62500),"W6-roof-candidate(K5 campaign, killed)",UNKNOWN,UNKNOWN,UNKNOWN,62500,62500,UNKNOWN,UNKNOWN,UNKNOWN,UNKNOWN,UNKNOWN,UNKNOWN,UNKNOWN,UNKNOWN,,"coker psi_V(N_theta,N_tau)=0=検出力ゼロで死亡(裁定446)。K5-GAP-1閉鎖に伴う標的死1件目。",narrative:LEDGER裁定446(地図.md P6行)
W6-cand-p3(13500),"W6-roof-candidate(K5 campaign, killed)",UNKNOWN,UNKNOWN,UNKNOWN,13500,13500,UNKNOWN,UNKNOWN,UNKNOWN,UNKNOWN,UNKNOWN,UNKNOWN,UNKNOWN,UNKNOWN,,"coker psi_V(N_theta,N_tau)=0=検出力ゼロで死亡(裁定446)。K5-GAP-1閉鎖に伴う標的死2件目。",narrative:LEDGER裁定446(地図.md P6行)
"W-5(entangled roof, Arf-type)","roof(entangled, NON-SPLIT candidate)",UNKNOWN,20,mixed-2-and-odd(2^2x5),1000,1000,UNKNOWN,UNKNOWN,UNKNOWN,UNKNOWN,UNKNOWN,UNKNOWN,UNKNOWN,UNKNOWN,,isolated=TRUE確定(裁定482・80/80 settled・|GT(W-5)|=80)。付録A=ENT-1と3軸で走査域外・非分裂4行証明(裁定476)。機構=G5/Q8の同一C2^2商の対角潰れ(裁定473)。|PB3/N|=1000・N_ord=20は裁定473で訂正済(旧記載4000/40は誤り)。工房で最も具体的な非分裂拡大の実例。,narrative:LEDGER裁定472/473/476/482(地図.md 帯1近傍・W-6札)
KDIR-15,"dihedral(K-window, direct enum, calibration)",15,30,odd-composite,UNKNOWN,13500,3375,C15 x C15 x C15,True,True,1,UNKNOWN,UNKNOWN,UNKNOWN(この行はMCOVペア表と無関係),,"D=[G,G] struct=C15 x C15 x C15 / G_derived_length=2 / D_2part=1 D_oddpart=3375 / charming|X_n|=16 / hexagon shadow_total=240 (candidate_total=54000, h10_fail=50400, h11_fail=3360, generation_fail=0) / decode_fail_count=0 / Thm4.3 crosscheck=PASS (predicted_total=240, set_equality=True) / crosscheck_cert=search/probe/atlas_stats/winstruct_crosscheck_20260805.json",search/certs/winstruct_K15_20260805.json
KDIR-6,"dihedral(K-window, direct enum, calibration)",6,6,mixed-2-and-odd,UNKNOWN,108,27,C3 x C3 x C3,True,True,1,UNKNOWN,UNKNOWN,UNKNOWN(この行はMCOVペア表と無関係),,"D=[G,G] struct=C3 x C3 x C3 / G_derived_length=2 / D_2part=1 D_oddpart=27 / charming|X_n|=4 / hexagon shadow_total=12 (candidate_total=108, h10_fail=72, h11_fail=24, generation_fail=0) / decode_fail_count=0 / Thm4.3 crosscheck=PASS (predicted_total=12, set_equality=True) / crosscheck_cert=search/probe/atlas_stats/winstruct_crosscheck_20260805.json",search/certs/winstruct_K6_20260805.json
KDIR-10,"dihedral(K-window, direct enum, calibration)",10,10,mixed-2-and-odd,UNKNOWN,500,125,C5 x C5 x C5,True,True,1,UNKNOWN,UNKNOWN,UNKNOWN(この行はMCOVペア表と無関係),,"D=[G,G] struct=C5 x C5 x C5 / G_derived_length=2 / D_2part=1 D_oddpart=125 / charming|X_n|=8 / hexagon shadow_total=40 (candidate_total=1000, h10_fail=800, h11_fail=160, generation_fail=0) / decode_fail_count=0 / Thm4.3 crosscheck=PASS (predicted_total=40, set_equality=True) / crosscheck_cert=search/probe/atlas_stats/winstruct_crosscheck_20260805.json",search/certs/winstruct_K10_20260805.json
KDIR-12,"dihedral(K-window, direct enum, calibration)",12,12,mixed-2-and-odd,UNKNOWN,864,54,C6 x C3 x C3,True,True,1,UNKNOWN,UNKNOWN,UNKNOWN(この行はMCOVペア表と無関係),,"D=[G,G] struct=C6 x C3 x C3 / G_derived_length=2 / D_2part=2 D_oddpart=27 / charming|X_n|=8 / hexagon shadow_total=24 (candidate_total=432, h10_fail=288, h11_fail=120, generation_fail=0) / decode_fail_count=0 / Thm4.3 crosscheck=PASS (predicted_total=24, set_equality=True) / crosscheck_cert=search/probe/atlas_stats/winstruct_crosscheck_20260805.json",search/certs/winstruct_K12_20260805.json
KDIR-14,"dihedral(K-window, direct enum, calibration)",14,14,mixed-2-and-odd,UNKNOWN,1372,343,C7 x C7 x C7,True,True,1,UNKNOWN,UNKNOWN,UNKNOWN(この行はMCOVペア表と無関係),,"D=[G,G] struct=C7 x C7 x C7 / G_derived_length=2 / D_2part=1 D_oddpart=343 / charming|X_n|=12 / hexagon shadow_total=84 (candidate_total=4116, h10_fail=3528, h11_fail=504, generation_fail=0) / decode_fail_count=0 / Thm4.3 crosscheck=PASS (predicted_total=84, set_equality=True) / crosscheck_cert=search/probe/atlas_stats/winstruct_crosscheck_20260805.json",search/certs/winstruct_K14_20260805.json
KDIR-18,"dihedral(K-window, direct enum, calibration)",18,18,mixed-2-and-odd,UNKNOWN,2916,729,C9 x C9 x C9,True,True,1,UNKNOWN,UNKNOWN,UNKNOWN(この行はMCOVペア表と無関係),,"D=[G,G] struct=C9 x C9 x C9 / G_derived_length=2 / D_2part=1 D_oddpart=729 / charming|X_n|=12 / hexagon shadow_total=108 (candidate_total=8748, h10_fail=7776, h11_fail=864, generation_fail=0) / decode_fail_count=0 / Thm4.3 crosscheck=PASS (predicted_total=108, set_equality=True) / crosscheck_cert=search/probe/atlas_stats/winstruct_crosscheck_20260805.json",search/certs/winstruct_K18_20260805.json
H2CENSUS-p2_d2_a0b0c1,H2CENSUS,UNKNOWN,UNKNOWN,UNKNOWN,UNKNOWN,UNKNOWN,2000,F2^0 + (F2C2)^0 + D^1,UNKNOWN,UNKNOWN,UNKNOWN,UNKNOWN,UNKNOWN,UNKNOWN,,H2 census(F102-6.3限定認可分・棄却/生存/EMPTY不使用). p=2 dim=2 s3_inflated=True socle=F2^0 + (F2C2)^0 + D^1 dim_H2_S4=1 dim_H2_S3=0 dim_H1_S4=1 window_order=2000 band_note=cap8000_dim2_band_p2_2000 scope=inventory-only(判定欄なし),search/certs/h2_census_s4_20260805.json
H2CENSUS-p2_d2_a0b1c0,H2CENSUS,UNKNOWN,UNKNOWN,UNKNOWN,UNKNOWN,UNKNOWN,2000,F2^0 + (F2C2)^1 + D^0,UNKNOWN,UNKNOWN,UNKNOWN,UNKNOWN,UNKNOWN,UNKNOWN,,H2 census(F102-6.3限定認可分・棄却/生存/EMPTY不使用). p=2 dim=2 s3_inflated=True socle=F2^0 + (F2C2)^1 + D^0 dim_H2_S4=1 dim_H2_S3=0 dim_H1_S4=0 window_order=2000 band_note=cap8000_dim2_band_p2_2000 scope=inventory-only(判定欄なし),search/certs/h2_census_s4_20260805.json
H2CENSUS-p2_d2_a2b0c0,H2CENSUS,UNKNOWN,UNKNOWN,UNKNOWN,UNKNOWN,UNKNOWN,2000,F2^2 + (F2C2)^0 + D^0,UNKNOWN,UNKNOWN,UNKNOWN,UNKNOWN,UNKNOWN,UNKNOWN,,H2 census(F102-6.3限定認可分・棄却/生存/EMPTY不使用). p=2 dim=2 s3_inflated=True socle=F2^2 + (F2C2)^0 + D^0 dim_H2_S4=4 dim_H2_S3=2 dim_H1_S4=2 window_order=2000 band_note=cap8000_dim2_band_p2_2000 scope=inventory-only(判定欄なし),search/certs/h2_census_s4_20260805.json
H2CENSUS-p2_d3_a1b0c1,H2CENSUS,UNKNOWN,UNKNOWN,UNKNOWN,UNKNOWN,UNKNOWN,4000,F2^1 + (F2C2)^0 + D^1,UNKNOWN,UNKNOWN,UNKNOWN,UNKNOWN,UNKNOWN,UNKNOWN,,H2 census(F102-6.3限定認可分・棄却/生存/EMPTY不使用). p=2 dim=3 s3_inflated=True socle=F2^1 + (F2C2)^0 + D^1 dim_H2_S4=3 dim_H2_S3=1 dim_H1_S4=2 window_order=4000 band_note=cap8000_dim3_band_p2_4000 scope=inventory-only(判定欄なし),search/certs/h2_census_s4_20260805.json
H2CENSUS-p2_d3_a1b1c0,H2CENSUS,UNKNOWN,UNKNOWN,UNKNOWN,UNKNOWN,UNKNOWN,4000,F2^1 + (F2C2)^1 + D^0,UNKNOWN,UNKNOWN,UNKNOWN,UNKNOWN,UNKNOWN,UNKNOWN,,H2 census(F102-6.3限定認可分・棄却/生存/EMPTY不使用). p=2 dim=3 s3_inflated=True socle=F2^1 + (F2C2)^1 + D^0 dim_H2_S4=3 dim_H2_S3=1 dim_H1_S4=1 window_order=4000 band_note=cap8000_dim3_band_p2_4000 scope=inventory-only(判定欄なし),search/certs/h2_census_s4_20260805.json
H2CENSUS-p2_d3_a3b0c0,H2CENSUS,UNKNOWN,UNKNOWN,UNKNOWN,UNKNOWN,UNKNOWN,4000,F2^3 + (F2C2)^0 + D^0,UNKNOWN,UNKNOWN,UNKNOWN,UNKNOWN,UNKNOWN,UNKNOWN,,H2 census(F102-6.3限定認可分・棄却/生存/EMPTY不使用). p=2 dim=3 s3_inflated=True socle=F2^3 + (F2C2)^0 + D^0 dim_H2_S4=6 dim_H2_S3=3 dim_H1_S4=3 window_order=4000 band_note=cap8000_dim3_band_p2_4000 scope=inventory-only(判定欄なし),search/certs/h2_census_s4_20260805.json
H2CENSUS-p2_d4_a0b0c2,H2CENSUS,UNKNOWN,UNKNOWN,UNKNOWN,UNKNOWN,UNKNOWN,8000,F2^0 + (F2C2)^0 + D^2,UNKNOWN,UNKNOWN,UNKNOWN,UNKNOWN,UNKNOWN,UNKNOWN,,H2 census(F102-6.3限定認可分・棄却/生存/EMPTY不使用). p=2 dim=4 s3_inflated=True socle=F2^0 + (F2C2)^0 + D^2 dim_H2_S4=2 dim_H2_S3=0 dim_H1_S4=2 window_order=8000 band_note=cap8000_dim4_band_p2_8000 scope=inventory-only(判定欄なし),search/certs/h2_census_s4_20260805.json
H2CENSUS-p2_d4_a0b1c1,H2CENSUS,UNKNOWN,UNKNOWN,UNKNOWN,UNKNOWN,UNKNOWN,8000,F2^0 + (F2C2)^1 + D^1,UNKNOWN,UNKNOWN,UNKNOWN,UNKNOWN,UNKNOWN,UNKNOWN,,H2 census(F102-6.3限定認可分・棄却/生存/EMPTY不使用). p=2 dim=4 s3_inflated=True socle=F2^0 + (F2C2)^1 + D^1 dim_H2_S4=2 dim_H2_S3=0 dim_H1_S4=1 window_order=8000 band_note=cap8000_dim4_band_p2_8000 scope=inventory-only(判定欄なし),search/certs/h2_census_s4_20260805.json
H2CENSUS-p2_d4_a0b2c0,H2CENSUS,UNKNOWN,UNKNOWN,UNKNOWN,UNKNOWN,UNKNOWN,8000,F2^0 + (F2C2)^2 + D^0,UNKNOWN,UNKNOWN,UNKNOWN,UNKNOWN,UNKNOWN,UNKNOWN,,H2 census(F102-6.3限定認可分・棄却/生存/EMPTY不使用). p=2 dim=4 s3_inflated=True socle=F2^0 + (F2C2)^2 + D^0 dim_H2_S4=2 dim_H2_S3=0 dim_H1_S4=0 window_order=8000 band_note=cap8000_dim4_band_p2_8000 scope=inventory-only(判定欄なし),search/certs/h2_census_s4_20260805.json
H2CENSUS-p2_d4_a2b0c1,H2CENSUS,UNKNOWN,UNKNOWN,UNKNOWN,UNKNOWN,UNKNOWN,8000,F2^2 + (F2C2)^0 + D^1,UNKNOWN,UNKNOWN,UNKNOWN,UNKNOWN,UNKNOWN,UNKNOWN,,H2 census(F102-6.3限定認可分・棄却/生存/EMPTY不使用). p=2 dim=4 s3_inflated=True socle=F2^2 + (F2C2)^0 + D^1 dim_H2_S4=5 dim_H2_S3=2 dim_H1_S4=3 window_order=8000 band_note=cap8000_dim4_band_p2_8000 scope=inventory-only(判定欄なし),search/certs/h2_census_s4_20260805.json
H2CENSUS-p2_d4_a2b1c0,H2CENSUS,UNKNOWN,UNKNOWN,UNKNOWN,UNKNOWN,UNKNOWN,8000,F2^2 + (F2C2)^1 + D^0,UNKNOWN,UNKNOWN,UNKNOWN,UNKNOWN,UNKNOWN,UNKNOWN,,H2 census(F102-6.3限定認可分・棄却/生存/EMPTY不使用). p=2 dim=4 s3_inflated=True socle=F2^2 + (F2C2)^1 + D^0 dim_H2_S4=5 dim_H2_S3=2 dim_H1_S4=2 window_order=8000 band_note=cap8000_dim4_band_p2_8000 scope=inventory-only(判定欄なし),search/certs/h2_census_s4_20260805.json
H2CENSUS-p2_d4_a4b0c0,H2CENSUS,UNKNOWN,UNKNOWN,UNKNOWN,UNKNOWN,UNKNOWN,8000,F2^4 + (F2C2)^0 + D^0,UNKNOWN,UNKNOWN,UNKNOWN,UNKNOWN,UNKNOWN,UNKNOWN,,H2 census(F102-6.3限定認可分・棄却/生存/EMPTY不使用). p=2 dim=4 s3_inflated=True socle=F2^4 + (F2C2)^0 + D^0 dim_H2_S4=8 dim_H2_S3=4 dim_H1_S4=4 window_order=8000 band_note=cap8000_dim4_band_p2_8000 scope=inventory-only(判定欄なし),search/certs/h2_census_s4_20260805.json
H2CENSUS-p3_d2_bruteforce_1,H2CENSUS,UNKNOWN,UNKNOWN,UNKNOWN,UNKNOWN,UNKNOWN,4500,"brute-force GL(2,3)-conjugacy class #1 (ordA=2,ordB=3,|image|=6)",UNKNOWN,UNKNOWN,UNKNOWN,UNKNOWN,UNKNOWN,UNKNOWN,,"H2 census(F102-6.3限定認可分・棄却/生存/EMPTY不使用). p=3 dim=2 s3_inflated=True socle=brute-force GL(2,3)-conjugacy class #1 (ordA=2,ordB=3,|image|=6) dim_H2_S4=1 dim_H2_S3=1 dim_H1_S4=0 window_order=4500 band_note=p3_dim2_below_survival_threshold_13500_erratum_v2_THETA-4500(informational_only) scope=inventory-only(判定欄なし)",search/certs/h2_census_s4_20260805.json
H2CENSUS-p3_d2_bruteforce_2,H2CENSUS,UNKNOWN,UNKNOWN,UNKNOWN,UNKNOWN,UNKNOWN,4500,"brute-force GL(2,3)-conjugacy class #2 (ordA=2,ordB=3,|image|=6)",UNKNOWN,UNKNOWN,UNKNOWN,UNKNOWN,UNKNOWN,UNKNOWN,,"H2 census(F102-6.3限定認可分・棄却/生存/EMPTY不使用). p=3 dim=2 s3_inflated=True socle=brute-force GL(2,3)-conjugacy class #2 (ordA=2,ordB=3,|image|=6) dim_H2_S4=0 dim_H2_S3=0 dim_H1_S4=1 window_order=4500 band_note=p3_dim2_below_survival_threshold_13500_erratum_v2_THETA-4500(informational_only) scope=inventory-only(判定欄なし)",search/certs/h2_census_s4_20260805.json
H2CENSUS-p3_d2_bruteforce_3,H2CENSUS,UNKNOWN,UNKNOWN,UNKNOWN,UNKNOWN,UNKNOWN,4500,"brute-force GL(2,3)-conjugacy class #3 (ordA=2,ordB=1,|image|=2)",UNKNOWN,UNKNOWN,UNKNOWN,UNKNOWN,UNKNOWN,UNKNOWN,,"H2 census(F102-6.3限定認可分・棄却/生存/EMPTY不使用). p=3 dim=2 s3_inflated=True socle=brute-force GL(2,3)-conjugacy class #3 (ordA=2,ordB=1,|image|=2) dim_H2_S4=1 dim_H2_S3=1 dim_H1_S4=1 window_order=4500 band_note=p3_dim2_below_survival_threshold_13500_erratum_v2_THETA-4500(informational_only) scope=inventory-only(判定欄なし)",search/certs/h2_census_s4_20260805.json
H2CENSUS-p3_d2_bruteforce_4,H2CENSUS,UNKNOWN,UNKNOWN,UNKNOWN,UNKNOWN,UNKNOWN,4500,"brute-force GL(2,3)-conjugacy class #4 (ordA=1,ordB=1,|image|=1)",UNKNOWN,UNKNOWN,UNKNOWN,UNKNOWN,UNKNOWN,UNKNOWN,,"H2 census(F102-6.3限定認可分・棄却/生存/EMPTY不使用). p=3 dim=2 s3_inflated=True socle=brute-force GL(2,3)-conjugacy class #4 (ordA=1,ordB=1,|image|=1) dim_H2_S4=0 dim_H2_S3=0 dim_H1_S4=0 window_order=4500 band_note=p3_dim2_below_survival_threshold_13500_erratum_v2_THETA-4500(informational_only) scope=inventory-only(判定欄なし)",search/certs/h2_census_s4_20260805.json
H2CENSUS-p3_d2_bruteforce_5,H2CENSUS,UNKNOWN,UNKNOWN,UNKNOWN,UNKNOWN,UNKNOWN,4500,"brute-force GL(2,3)-conjugacy class #5 (ordA=2,ordB=1,|image|=2)",UNKNOWN,UNKNOWN,UNKNOWN,UNKNOWN,UNKNOWN,UNKNOWN,,"H2 census(F102-6.3限定認可分・棄却/生存/EMPTY不使用). p=3 dim=2 s3_inflated=True socle=brute-force GL(2,3)-conjugacy class #5 (ordA=2,ordB=1,|image|=2) dim_H2_S4=2 dim_H2_S3=2 dim_H1_S4=2 window_order=4500 band_note=p3_dim2_below_survival_threshold_13500_erratum_v2_THETA-4500(informational_only) scope=inventory-only(判定欄なし)",search/certs/h2_census_s4_20260805.json
